metric,condition_A,condition_B,mean_A,mean_B,mean_diff (A-B),t_stat,p_value,sig_at_0.05,sig_after_Bonferroni
accuracy,RN50_full,RN50_roi,0.7360960983682368,0.7180511808545951,0.018044917513641612,1.7455561238166848,0.15582302434735565,no,no
accuracy,RN50_full,CBAM_full,0.7360960983682368,0.6888954815621922,0.04720061680604466,2.144896877320557,0.09854439352774685,no,no
accuracy,RN50_full,CBAM_roi,0.7360960983682368,0.6640927805467821,0.07200331782145475,3.315264822903688,0.029508799607326972,yes,no
accuracy,RN50_full,ViT_full,0.7360960983682368,0.7165799320659563,0.019516166302280546,0.8657534481325997,0.4354636908663272,no,no
accuracy,RN50_full,ViT_roi,0.7360960983682368,0.6862400632472181,0.04985603512101879,3.0599852976588466,0.03765903703640373,yes,no
accuracy,RN50_roi,CBAM_full,0.7180511808545951,0.6888954815621922,0.029155699292403046,1.40931863736422,0.23153571946968257,no,no
accuracy,RN50_roi,CBAM_roi,0.7180511808545951,0.6640927805467821,0.05395840030781314,2.3918075962505743,0.07502035684690544,no,no
accuracy,RN50_roi,ViT_full,0.7180511808545951,0.7165799320659563,0.0014712487886389346,0.06862199266588599,0.9485839337058551,no,no
accuracy,RN50_roi,ViT_roi,0.7180511808545951,0.6862400632472181,0.03181111760737718,2.373862297422847,0.07649850578832267,no,no
accuracy,CBAM_full,CBAM_roi,0.6888954815621922,0.6640927805467821,0.02480270101541009,1.1208713521105829,0.3250875922299857,no,no
accuracy,CBAM_full,ViT_full,0.6888954815621922,0.7165799320659563,-0.027684450503764113,-2.2420836036907787,0.08841742081970698,no,no
accuracy,CBAM_full,ViT_roi,0.6888954815621922,0.6862400632472181,0.002655418314974134,0.11266095999657871,0.9157269675328359,no,no
accuracy,CBAM_roi,ViT_full,0.6640927805467821,0.7165799320659563,-0.0524871515191742,-2.4404401227374284,0.07117463598913884,no,no
accuracy,CBAM_roi,ViT_roi,0.6640927805467821,0.6862400632472181,-0.022147282700435957,-1.215836483031867,0.2908928388975476,no,no
accuracy,ViT_full,ViT_roi,0.7165799320659563,0.6862400632472181,0.030339868818738246,1.0851185927891476,0.3388935461841288,no,no
macro_f1,RN50_full,RN50_roi,0.7146235568453596,0.7061539633011048,0.008469593544254871,0.6463175473062894,0.5532866573782178,no,no
macro_f1,RN50_full,CBAM_full,0.7146235568453596,0.6449544204924476,0.06966913635291198,2.4120382852127977,0.07339262622475354,no,no
macro_f1,RN50_full,CBAM_roi,0.7146235568453596,0.6517608147824576,0.06286274206290196,4.532018797116132,0.01056108641303134,yes,no
macro_f1,RN50_full,ViT_full,0.7146235568453596,0.6959181303861894,0.01870542645917006,0.8371053409675212,0.4496320457579598,no,no
macro_f1,RN50_full,ViT_roi,0.7146235568453596,0.6619897393180101,0.052633817527349434,3.1346598296450017,0.03502750184149375,yes,no
macro_f1,RN50_roi,CBAM_full,0.7061539633011048,0.6449544204924476,0.061199542808657116,1.9346494082931547,0.12514455925786036,no,no
macro_f1,RN50_roi,CBAM_roi,0.7061539633011048,0.6517608147824576,0.05439314851864709,2.5692876681265218,0.0620254834156248,no,no
macro_f1,RN50_roi,ViT_full,0.7061539633011048,0.6959181303861894,0.010235832914915189,0.41738361224913256,0.6978271589996631,no,no
macro_f1,RN50_roi,ViT_roi,0.7061539633011048,0.6619897393180101,0.04416422398309457,2.390283333173434,0.0751446450003328,no,no
macro_f1,CBAM_full,CBAM_roi,0.6449544204924476,0.6517608147824576,-0.006806394290010021,-0.23180842076810868,0.8280629110669538,no,no
macro_f1,CBAM_full,ViT_full,0.6449544204924476,0.6959181303861894,-0.050963709893741924,-4.106308294434097,0.014776639402195238,yes,no
macro_f1,CBAM_full,ViT_roi,0.6449544204924476,0.6619897393180101,-0.01703531882556255,-0.5280802470515716,0.6253826560865572,no,no
macro_f1,CBAM_roi,ViT_full,0.6517608147824576,0.6959181303861894,-0.04415731560373191,-2.111758669117553,0.10228745926381291,no,no
macro_f1,CBAM_roi,ViT_roi,0.6517608147824576,0.6619897393180101,-0.01022892453555253,-0.7015394062067307,0.5216358189966244,no,no
macro_f1,ViT_full,ViT_roi,0.6959181303861894,0.6619897393180101,0.033928391068179374,1.248628569839457,0.2798910256159945,no,no
macro_auc,RN50_full,RN50_roi,0.9182969355381921,0.8986304556504614,0.019666479887730626,1.559632057460345,0.19385866138710683,no,no
macro_auc,RN50_full,CBAM_full,0.9182969355381921,0.8898031506421656,0.028493784896026563,3.667587704648231,0.021436595794127326,yes,no
macro_auc,RN50_full,CBAM_roi,0.9182969355381921,0.884997536435663,0.03329939910252897,6.757419162949221,0.0025011508163405387,yes,yes
macro_auc,RN50_full,ViT_full,0.9182969355381921,0.9000404367882293,0.018256498749962692,1.09688776672788,0.3342911918091982,no,no
macro_auc,RN50_full,ViT_roi,0.9182969355381921,0.9020116592417662,0.016285276296426066,3.308203636051298,0.0297043285079252,yes,no
macro_auc,RN50_roi,CBAM_full,0.8986304556504614,0.8898031506421656,0.008827305008295937,0.8852861892613817,0.4260128948148276,no,no
macro_auc,RN50_roi,CBAM_roi,0.8986304556504614,0.884997536435663,0.013632919214798344,1.195111819186867,0.29805563722777884,no,no
macro_auc,RN50_roi,ViT_full,0.8986304556504614,0.9000404367882293,-0.001409981137767935,-0.11341504540187976,0.9151658949578994,no,no
macro_auc,RN50_roi,ViT_roi,0.8986304556504614,0.9020116592417662,-0.00338120359130456,-0.2838991928709284,0.7905768607998517,no,no
macro_auc,CBAM_full,CBAM_roi,0.8898031506421656,0.884997536435663,0.004805614206502407,0.6540931960675156,0.5487502472690894,no,no
macro_auc,CBAM_full,ViT_full,0.8898031506421656,0.9000404367882293,-0.010237286146063873,-0.964649057803711,0.3893474892469197,no,no
macro_auc,CBAM_full,ViT_roi,0.8898031506421656,0.9020116592417662,-0.012208508599600498,-1.6454710969512127,0.1752180087212853,no,no
macro_auc,CBAM_roi,ViT_full,0.884997536435663,0.9000404367882293,-0.01504290035256628,-1.1527617887036803,0.31320907447412444,no,no
macro_auc,CBAM_roi,ViT_roi,0.884997536435663,0.9020116592417662,-0.017014122806102906,-2.6897384529733945,0.0546728944093024,no,no
macro_auc,ViT_full,ViT_roi,0.9000404367882293,0.9020116592417662,-0.0019712224535366253,-0.12613696194791416,0.905709553541073,no,no
f1_Normal,RN50_full,RN50_roi,0.6979504189789784,0.6345747138620592,0.06337570511691926,1.5440087048842464,0.19746577661612508,no,no
f1_Normal,RN50_full,CBAM_full,0.6979504189789784,0.5880709856309354,0.10987943334804293,2.48135240662502,0.06811232633030465,no,no
f1_Normal,RN50_full,CBAM_roi,0.6979504189789784,0.5150586603630931,0.1828917586158852,7.5068535475612626,0.00168504636593844,yes,yes
f1_Normal,RN50_full,ViT_full,0.6979504189789784,0.677280409834541,0.020670009144437375,0.8545051220721334,0.44098312039364795,no,no
f1_Normal,RN50_full,ViT_roi,0.6979504189789784,0.5755473111108863,0.12240310786809212,2.985597959896889,0.04051396355300834,yes,no
f1_Normal,RN50_roi,CBAM_full,0.6345747138620592,0.5880709856309354,0.04650372823112368,0.7973880574044028,0.4698803560646691,no,no
f1_Normal,RN50_roi,CBAM_roi,0.6345747138620592,0.5150586603630931,0.11951605349896592,3.17624620074135,0.03365587526800135,yes,no
f1_Normal,RN50_roi,ViT_full,0.6345747138620592,0.677280409834541,-0.04270569597248188,-0.8482966938421307,0.44405366349592895,no,no
f1_Normal,RN50_roi,ViT_roi,0.6345747138620592,0.5755473111108863,0.05902740275117287,1.956685899694964,0.12201751605296013,no,no
f1_Normal,CBAM_full,CBAM_roi,0.5880709856309354,0.5150586603630931,0.07301232526784225,1.985258539465983,0.11808910180529608,no,no
f1_Normal,CBAM_full,ViT_full,0.5880709856309354,0.677280409834541,-0.08920942420360556,-3.288297874600259,0.030263835023189398,yes,no
f1_Normal,CBAM_full,ViT_roi,0.5880709856309354,0.5755473111108863,0.012523674520049188,0.16369134051308007,0.8779120345183941,no,no
f1_Normal,CBAM_roi,ViT_full,0.5150586603630931,0.677280409834541,-0.1622217494714478,-9.453923449081348,0.0006982060527492548,yes,yes
f1_Normal,CBAM_roi,ViT_roi,0.5150586603630931,0.5755473111108863,-0.06048865074779306,-1.1947592092028925,0.2981789284272878,no,no
f1_Normal,ViT_full,ViT_roi,0.677280409834541,0.5755473111108863,0.10173309872365474,1.6724498271964596,0.16975231053108544,no,no
f1_Cyst,RN50_full,RN50_roi,0.47896868359203815,0.6291067639906003,-0.15013808039856216,-5.208120905562146,0.0064799603789674485,yes,no
f1_Cyst,RN50_full,CBAM_full,0.47896868359203815,0.43363961991972444,0.04532906367231373,1.0020069002020942,0.37304021812042315,no,no
f1_Cyst,RN50_full,CBAM_roi,0.47896868359203815,0.5845722120451106,-0.1056035284530725,-3.8142490100049375,0.018871168423677476,yes,no
f1_Cyst,RN50_full,ViT_full,0.47896868359203815,0.4806514038285439,-0.0016827202365057026,-0.036871868198794504,0.9723539286477308,no,no
f1_Cyst,RN50_full,ViT_roi,0.47896868359203815,0.6028927936377966,-0.12392411004575847,-1.9000855416262468,0.13022600293334288,no,no
f1_Cyst,RN50_roi,CBAM_full,0.6291067639906003,0.43363961991972444,0.1954671440708759,4.841481153021636,0.008391063094595759,yes,no
f1_Cyst,RN50_roi,CBAM_roi,0.6291067639906003,0.5845722120451106,0.04453455194548965,1.4995193690992517,0.208118153918928,no,no
f1_Cyst,RN50_roi,ViT_full,0.6291067639906003,0.4806514038285439,0.14845536016205646,3.3047926983166676,0.029799328318962252,yes,no
f1_Cyst,RN50_roi,ViT_roi,0.6291067639906003,0.6028927936377966,0.026213970352803685,0.5048266411066783,0.6402235029551878,no,no
f1_Cyst,CBAM_full,CBAM_roi,0.43363961991972444,0.5845722120451106,-0.15093259212538623,-3.029103578970991,0.03881467550263561,yes,no
f1_Cyst,CBAM_full,ViT_full,0.43363961991972444,0.4806514038285439,-0.04701178390881943,-2.9651072216086067,0.041344372979612846,yes,no
f1_Cyst,CBAM_full,ViT_roi,0.43363961991972444,0.6028927936377966,-0.1692531737180722,-3.1685080318780767,0.03390624432490944,yes,no
f1_Cyst,CBAM_roi,ViT_full,0.5845722120451106,0.4806514038285439,0.1039208082165668,1.8043841093052773,0.14549439784114251,no,no
f1_Cyst,CBAM_roi,ViT_roi,0.5845722120451106,0.6028927936377966,-0.01832058159268597,-0.3501383413718908,0.7438944249651356,no,no
f1_Cyst,ViT_full,ViT_roi,0.4806514038285439,0.6028927936377966,-0.12224138980925277,-1.807762344316349,0.14492387154031258,no,no
f1_Tumor,RN50_full,RN50_roi,0.8100017200913749,0.8229824323130579,-0.01298071222168289,-0.515991320504601,0.6330719535326558,no,no
f1_Tumor,RN50_full,CBAM_full,0.8100017200913749,0.8014200194428127,0.008581700648562207,0.3365853130095988,0.7533471183776724,no,no
f1_Tumor,RN50_full,CBAM_roi,0.8100017200913749,0.8067283926413704,0.003273327450004526,0.1158832721242029,0.9133298463159424,no,no
f1_Tumor,RN50_full,ViT_full,0.8100017200913749,0.7932431861893121,0.016758533902062833,0.5933037905107152,0.5848992491252932,no,no
f1_Tumor,RN50_full,ViT_roi,0.8100017200913749,0.8311652702010847,-0.02116355010970965,-0.8264191287604254,0.45501077649566507,no,no
f1_Tumor,RN50_roi,CBAM_full,0.8229824323130579,0.8014200194428127,0.021562412870245094,0.826292845886166,0.4550746435353299,no,no
f1_Tumor,RN50_roi,CBAM_roi,0.8229824323130579,0.8067283926413704,0.016254039671687415,1.3692209698691464,0.24277431520828782,no,no
f1_Tumor,RN50_roi,ViT_full,0.8229824323130579,0.7932431861893121,0.029739246123745722,1.466872447961624,0.21630506499186894,no,no
f1_Tumor,RN50_roi,ViT_roi,0.8229824323130579,0.8311652702010847,-0.008182837888026762,-0.8256639838121704,0.45539279387358805,no,no
f1_Tumor,CBAM_full,CBAM_roi,0.8014200194428127,0.8067283926413704,-0.005308373198557681,-0.19270003473727107,0.8565822437501316,no,no
f1_Tumor,CBAM_full,ViT_full,0.8014200194428127,0.7932431861893121,0.008176833253500626,0.7354568296664689,0.5028561875306062,no,no
f1_Tumor,CBAM_full,ViT_roi,0.8014200194428127,0.8311652702010847,-0.029745250758271856,-1.3906650201913204,0.23669833397407744,no,no
f1_Tumor,CBAM_roi,ViT_full,0.8067283926413704,0.7932431861893121,0.013485206452058307,0.5451190262801675,0.6146421453928539,no,no
f1_Tumor,CBAM_roi,ViT_roi,0.8067283926413704,0.8311652702010847,-0.024436877559714177,-1.2393471244162897,0.2829641758392242,no,no
f1_Tumor,ViT_full,ViT_roi,0.7932431861893121,0.8311652702010847,-0.03792208401177248,-2.6479319538047146,0.05710499099695235,no,no
f1_Stone,RN50_full,RN50_roi,0.871573404719047,0.7379519430387018,0.13362146168034528,7.947984679774283,0.0013571432706804307,yes,yes
f1_Stone,RN50_full,CBAM_full,0.871573404719047,0.756687056976318,0.11488634774272902,3.8910669991363607,0.017674624974395838,yes,no
f1_Stone,RN50_full,CBAM_roi,0.871573404719047,0.7006839940802563,0.17088941063879065,12.992057499652631,0.00020252490388457397,yes,yes
f1_Stone,RN50_full,ViT_full,0.871573404719047,0.8324975216923614,0.03907588302668576,1.7436014806360192,0.15617931056603518,no,no
f1_Stone,RN50_full,ViT_roi,0.871573404719047,0.6383535823222733,0.2332198223967737,5.3201146124460275,0.006005100653005386,yes,no
f1_Stone,RN50_roi,CBAM_full,0.7379519430387018,0.756687056976318,-0.018735113937616267,-0.4372906139422192,0.6844737886307283,no,no
f1_Stone,RN50_roi,CBAM_roi,0.7379519430387018,0.7006839940802563,0.03726794895844539,1.5944540283002717,0.18606085443469375,no,no
f1_Stone,RN50_roi,ViT_full,0.7379519430387018,0.8324975216923614,-0.0945455786536595,-2.488396260617162,0.06760037389868398,no,no
f1_Stone,RN50_roi,ViT_roi,0.7379519430387018,0.6383535823222733,0.0995983607164284,1.8373848635998704,0.14002251894505874,no,no
f1_Stone,CBAM_full,CBAM_roi,0.756687056976318,0.7006839940802563,0.05600306289606165,1.618885621636256,0.1807838965150489,no,no
f1_Stone,CBAM_full,ViT_full,0.756687056976318,0.8324975216923614,-0.07581046471604325,-2.4887397837277283,0.06757551881358533,no,no
f1_Stone,CBAM_full,ViT_roi,0.756687056976318,0.6383535823222733,0.11833347465404467,2.5853798723817953,0.06098025836389,no,no
f1_Stone,CBAM_roi,ViT_full,0.7006839940802563,0.8324975216923614,-0.1318135276121049,-5.982374053591059,0.003924618400331318,yes,no
f1_Stone,CBAM_roi,ViT_roi,0.7006839940802563,0.6383535823222733,0.06233041175798302,1.530630411899668,0.20060918816681536,no,no
f1_Stone,ViT_full,ViT_roi,0.8324975216923614,0.6383535823222733,0.19414393937008792,4.304465039909231,0.012601039291380687,yes,no
