metric,A,B,n_pairs,mean_A,mean_B,mean_diff,t_stat,p_value,sig_uncorrected,sig_bonferroni
accuracy,RN50_full,RN50_roi,15,0.7367454627839571,0.7136171156864286,0.023128347097528333,1.6966005197103562,0.1118833821895567,no,no
accuracy,RN50_full,CBAM_full,15,0.7367454627839571,0.683765806540063,0.05297965624389396,4.932050921541776,0.0002207014581006447,yes,yes
accuracy,RN50_full,CBAM_roi,15,0.7367454627839571,0.675742455165748,0.06100300761820901,4.894755850499004,0.0002366020613629146,yes,yes
accuracy,RN50_full,ViT_full,15,0.7367454627839571,0.7087928353641367,0.027952627419820335,2.507617868759088,0.02509449878916077,yes,no
accuracy,RN50_full,ViT_roi,15,0.7367454627839571,0.6885187549691613,0.048226707814795745,3.72305439681933,0.0022712762709721323,yes,yes
accuracy,RN50_roi,CBAM_full,15,0.7136171156864286,0.683765806540063,0.029851309146365624,2.3172749338027367,0.03614557953749103,yes,no
accuracy,RN50_roi,CBAM_roi,15,0.7136171156864286,0.675742455165748,0.03787466052068068,3.5348972221857387,0.003298397047126866,yes,yes
accuracy,RN50_roi,ViT_full,15,0.7136171156864286,0.7087928353641367,0.004824280322292,0.42628479664188845,0.6763819195795896,no,no
accuracy,RN50_roi,ViT_roi,15,0.7136171156864286,0.6885187549691613,0.02509836071726741,2.1479072019892342,0.049710372601547724,yes,no
accuracy,CBAM_full,CBAM_roi,15,0.683765806540063,0.675742455165748,0.008023351374315054,0.7236966566730616,0.48117031490096296,no,no
accuracy,CBAM_full,ViT_full,15,0.683765806540063,0.7087928353641367,-0.025027028824073625,-3.0366446868261523,0.00888206768760582,yes,no
accuracy,CBAM_full,ViT_roi,15,0.683765806540063,0.6885187549691613,-0.0047529484290982135,-0.31083498504761,0.7605058295236297,no,no
accuracy,CBAM_roi,ViT_full,15,0.675742455165748,0.7087928353641367,-0.03305038019838868,-3.093092336381712,0.007940589824118438,yes,no
accuracy,CBAM_roi,ViT_roi,15,0.675742455165748,0.6885187549691613,-0.012776299803413268,-1.1687551945958619,0.26201883854227653,no,no
accuracy,ViT_full,ViT_roi,15,0.7087928353641367,0.6885187549691613,0.02027408039497541,1.4443937471927566,0.17063506326616618,no,no
macro_f1,RN50_full,RN50_roi,15,0.711903704826158,0.6996546156631247,0.012249089163033222,0.8265402560784613,0.4223614272625336,no,no
macro_f1,RN50_full,CBAM_full,15,0.711903704826158,0.6455493830746831,0.06635432175147489,5.208919831829543,0.00013240899989397291,yes,yes
macro_f1,RN50_full,CBAM_roi,15,0.711903704826158,0.6597855403775187,0.0521181644486393,3.8257791614445793,0.0018540306781307384,yes,yes
macro_f1,RN50_full,ViT_full,15,0.711903704826158,0.6792194279802316,0.03268427684592632,3.121981895935762,0.007497714754265877,yes,no
macro_f1,RN50_full,ViT_roi,15,0.711903704826158,0.6623824332134777,0.04952127161268029,2.8559838397544595,0.012699138382161745,yes,no
macro_f1,RN50_roi,CBAM_full,15,0.6996546156631247,0.6455493830746831,0.054105232588441673,3.263232408691855,0.005661675618994977,yes,no
macro_f1,RN50_roi,CBAM_roi,15,0.6996546156631247,0.6597855403775187,0.039869075285606084,3.6809039643568098,0.00246894484605105,yes,yes
macro_f1,RN50_roi,ViT_full,15,0.6996546156631247,0.6792194279802316,0.020435187682893097,1.6139686185652067,0.12883991862553393,no,no
macro_f1,RN50_roi,ViT_roi,15,0.6996546156631247,0.6623824332134777,0.037272182449647064,2.5964023594349848,0.02112471190838086,yes,no
macro_f1,CBAM_full,CBAM_roi,15,0.6455493830746831,0.6597855403775187,-0.014236157302835587,-0.9423294231923494,0.36200185092469467,no,no
macro_f1,CBAM_full,ViT_full,15,0.6455493830746831,0.6792194279802316,-0.03367004490554857,-4.201224582283959,0.0008884252600716925,yes,yes
macro_f1,CBAM_full,ViT_roi,15,0.6455493830746831,0.6623824332134777,-0.016833050138794603,-0.7709926131103482,0.453527578689848,no,no
macro_f1,CBAM_roi,ViT_full,15,0.6597855403775187,0.6792194279802316,-0.019433887602712984,-1.5203785938134433,0.15067548671999084,no,no
macro_f1,CBAM_roi,ViT_roi,15,0.6597855403775187,0.6623824332134777,-0.0025968928359590155,-0.21251207809513054,0.8347706373640149,no,no
macro_f1,ViT_full,ViT_roi,15,0.6792194279802316,0.6623824332134777,0.01683699476675397,0.8937606847890669,0.38655666816130674,no,no
macro_auc,RN50_full,RN50_roi,15,0.9099089466786994,0.902305520622222,0.007603426056477259,0.8736503565304994,0.3970473961462834,no,no
macro_auc,RN50_full,CBAM_full,15,0.9099089466786994,0.8834554839559294,0.026453462722769952,4.132563113384821,0.0010155047379323788,yes,yes
macro_auc,RN50_full,CBAM_roi,15,0.9099089466786994,0.8960320139551355,0.013876932723563828,1.7978064433411771,0.09380173452875602,no,no
macro_auc,RN50_full,ViT_full,15,0.9099089466786994,0.8922865174951423,0.01762242918355717,2.3649904822651733,0.03300605765403781,yes,no
macro_auc,RN50_full,ViT_roi,15,0.9099089466786994,0.9083923055685604,0.001516641110138798,0.1651969942607385,0.8711505893566056,no,no
macro_auc,RN50_roi,CBAM_full,15,0.902305520622222,0.8834554839559294,0.018850036666292695,2.8437897395670086,0.013008274272349688,yes,no
macro_auc,RN50_roi,CBAM_roi,15,0.902305520622222,0.8960320139551355,0.00627350666708657,1.230960910913246,0.23861759937334973,no,no
macro_auc,RN50_roi,ViT_full,15,0.902305520622222,0.8922865174951423,0.010019003127079913,1.2889043587130893,0.2183225656496067,no,no
macro_auc,RN50_roi,ViT_roi,15,0.902305520622222,0.9083923055685604,-0.00608678494633846,-0.9472011207273249,0.359599939007272,no,no
macro_auc,CBAM_full,CBAM_roi,15,0.8834554839559294,0.8960320139551355,-0.012576529999206125,-1.864484824482477,0.08335528841216268,no,no
macro_auc,CBAM_full,ViT_full,15,0.8834554839559294,0.8922865174951423,-0.00883103353921278,-1.6242776870940383,0.12660976053746165,no,no
macro_auc,CBAM_full,ViT_roi,15,0.8834554839559294,0.9083923055685604,-0.024936821612631156,-3.195723175748238,0.006475383835971737,yes,no
macro_auc,CBAM_roi,ViT_full,15,0.8960320139551355,0.8922865174951423,0.0037454964599933434,0.4781189204270012,0.6399453847006489,no,no
macro_auc,CBAM_roi,ViT_roi,15,0.8960320139551355,0.9083923055685604,-0.01236029161342503,-2.558876480045026,0.02272270872872851,yes,no
macro_auc,ViT_full,ViT_roi,15,0.8922865174951423,0.9083923055685604,-0.016105788073418375,-1.66216832170248,0.11869723171802067,no,no
f1_Normal,RN50_full,RN50_roi,15,0.6988589497002974,0.6260723338213652,0.0727866158789323,2.86385146831404,0.012503517228811604,yes,no
f1_Normal,RN50_full,CBAM_full,15,0.6988589497002974,0.5877603243870317,0.11109862531326559,6.108748959103634,2.7019397904661175e-05,yes,yes
f1_Normal,RN50_full,CBAM_roi,15,0.6988589497002974,0.5367198109960839,0.16213913870421368,6.0739432625264005,2.8673001941485135e-05,yes,yes
f1_Normal,RN50_full,ViT_full,15,0.6988589497002974,0.6692621776126843,0.029596772087613247,3.031935843200885,0.008965423609311463,yes,no
f1_Normal,RN50_full,ViT_roi,15,0.6988589497002974,0.5572943820898182,0.1415645676104792,6.68988213459585,1.027260902032486e-05,yes,yes
f1_Normal,RN50_roi,CBAM_full,15,0.6260723338213652,0.5877603243870317,0.03831200943433325,1.2271659900714966,0.23999684197748417,no,no
f1_Normal,RN50_roi,CBAM_roi,15,0.6260723338213652,0.5367198109960839,0.08935252282528137,3.1352662039539467,0.007302380384987343,yes,no
f1_Normal,RN50_roi,ViT_full,15,0.6260723338213652,0.6692621776126843,-0.04318984379131907,-1.4650860818455775,0.16499237113496518,no,no
f1_Normal,RN50_roi,ViT_roi,15,0.6260723338213652,0.5572943820898182,0.06877795173154687,3.376629590170561,0.004518136844316387,yes,no
f1_Normal,CBAM_full,CBAM_roi,15,0.5877603243870317,0.5367198109960839,0.051040513390948096,1.984625176897501,0.06714142554217364,no,no
f1_Normal,CBAM_full,ViT_full,15,0.5877603243870317,0.6692621776126843,-0.08150185322565233,-5.498092621801296,7.849726774696044e-05,yes,yes
f1_Normal,CBAM_full,ViT_roi,15,0.5877603243870317,0.5572943820898182,0.030465942297213625,0.9591456241686185,0.3537580060165138,no,no
f1_Normal,CBAM_roi,ViT_full,15,0.5367198109960839,0.6692621776126843,-0.13254236661660043,-4.885455810878149,0.00024074892459070228,yes,yes
f1_Normal,CBAM_roi,ViT_roi,15,0.5367198109960839,0.5572943820898182,-0.020574571093734475,-0.7530620963866853,0.46388872691257954,no,no
f1_Normal,ViT_full,ViT_roi,15,0.6692621776126843,0.5572943820898182,0.11196779552286594,4.274129765254448,0.0007712169192051276,yes,yes
f1_Cyst,RN50_full,RN50_roi,15,0.4535298398907299,0.6164205962807593,-0.16289075639002915,-4.4018045981500125,0.00060271729868711,yes,yes
f1_Cyst,RN50_full,CBAM_full,15,0.4535298398907299,0.46169059438277366,-0.008160754492043676,-0.25431772037028033,0.8029474591663373,no,no
f1_Cyst,RN50_full,CBAM_roi,15,0.4535298398907299,0.5968665729457103,-0.1433367330549804,-4.1369182912306925,0.0010069172429985635,yes,yes
f1_Cyst,RN50_full,ViT_full,15,0.4535298398907299,0.4161570678877923,0.037372772002937774,1.1454645060725883,0.27122081876943016,no,no
f1_Cyst,RN50_full,ViT_roi,15,0.4535298398907299,0.5841720979591185,-0.13064225806838853,-2.2741301518687864,0.03922536479098021,yes,no
f1_Cyst,RN50_roi,CBAM_full,15,0.6164205962807593,0.46169059438277366,0.15473000189798553,4.30256786959957,0.000729908814173462,yes,yes
f1_Cyst,RN50_roi,CBAM_roi,15,0.6164205962807593,0.5968665729457103,0.0195540233350488,1.1098000833884036,0.2857845228927071,no,no
f1_Cyst,RN50_roi,ViT_full,15,0.6164205962807593,0.4161570678877923,0.20026352839296696,5.606864155014832,6.467224711072361e-05,yes,yes
f1_Cyst,RN50_roi,ViT_roi,15,0.6164205962807593,0.5841720979591185,0.03224849832164064,0.9365746137376741,0.36485351295731755,no,no
f1_Cyst,CBAM_full,CBAM_roi,15,0.46169059438277366,0.5968665729457103,-0.13517597856293673,-3.626119336263901,0.002752128617896667,yes,yes
f1_Cyst,CBAM_full,ViT_full,15,0.46169059438277366,0.4161570678877923,0.04553352649498144,1.4873972195302767,0.15908372085756017,no,no
f1_Cyst,CBAM_full,ViT_roi,15,0.46169059438277366,0.5841720979591185,-0.12248150357634485,-2.1445246539131335,0.05002439166041435,no,no
f1_Cyst,CBAM_roi,ViT_full,15,0.5968665729457103,0.4161570678877923,0.18070950505791814,4.313122929948516,0.0007151607727791892,yes,yes
f1_Cyst,CBAM_roi,ViT_roi,15,0.5968665729457103,0.5841720979591185,0.012694474986591838,0.3784804707768576,0.7107511178477826,no,no
f1_Cyst,ViT_full,ViT_roi,15,0.4161570678877923,0.5841720979591185,-0.16801503007132632,-2.7365283125066022,0.016064197606840986,yes,no
f1_Tumor,RN50_full,RN50_roi,15,0.8075387574624663,0.8282341174267456,-0.020695359964279337,-1.533543852681246,0.14742560525450119,no,no
f1_Tumor,RN50_full,CBAM_full,15,0.8075387574624663,0.7940813801375562,0.01345737732491,1.1455068912741238,0.2712038520753872,no,no
f1_Tumor,RN50_full,CBAM_roi,15,0.8075387574624663,0.8124721679128886,-0.004933410450422667,-0.37404545651096704,0.7139745107614315,no,no
f1_Tumor,RN50_full,ViT_full,15,0.8075387574624663,0.7881476669396558,0.019391090522810465,1.4886799376817494,0.15874948376477888,no,no
f1_Tumor,RN50_full,ViT_roi,15,0.8075387574624663,0.8313178657953237,-0.023779108332857502,-1.7378122633334325,0.1041799525432359,no,no
f1_Tumor,RN50_roi,CBAM_full,15,0.8282341174267456,0.7940813801375562,0.034152737289189335,3.2194668503213566,0.006176700368426657,yes,no
f1_Tumor,RN50_roi,CBAM_roi,15,0.8282341174267456,0.8124721679128886,0.01576194951385667,2.231573632207368,0.042503796000436606,yes,no
f1_Tumor,RN50_roi,ViT_full,15,0.8282341174267456,0.7881476669396558,0.0400864504870898,4.438586549638615,0.0005615698743101084,yes,yes
f1_Tumor,RN50_roi,ViT_roi,15,0.8282341174267456,0.8313178657953237,-0.0030837483685781653,-0.41255288069622204,0.6861823987783475,no,no
f1_Tumor,CBAM_full,CBAM_roi,15,0.7940813801375562,0.8124721679128886,-0.018390787775332665,-1.7307818552365006,0.10546014515815694,no,no
f1_Tumor,CBAM_full,ViT_full,15,0.7940813801375562,0.7881476669396558,0.005933713197900466,0.9188491885637957,0.37373457272002736,no,no
f1_Tumor,CBAM_full,ViT_roi,15,0.7940813801375562,0.8313178657953237,-0.0372364856577675,-3.7736242734979264,0.0020551401080096156,yes,yes
f1_Tumor,CBAM_roi,ViT_full,15,0.8124721679128886,0.7881476669396558,0.024324500973233132,2.1088850303602587,0.053446790946991084,no,no
f1_Tumor,CBAM_roi,ViT_roi,15,0.8124721679128886,0.8313178657953237,-0.018845697882434835,-1.8312951336158556,0.08841732644220907,no,no
f1_Tumor,ViT_full,ViT_roi,15,0.7881476669396558,0.8313178657953237,-0.04317019885566797,-5.159144039506868,0.00014504090283101682,yes,yes
f1_Stone,RN50_full,RN50_roi,15,0.8876872722511382,0.727891415123629,0.15979585712750907,8.56198645203839,6.159633219487288e-07,yes,yes
f1_Stone,RN50_full,CBAM_full,15,0.8876872722511382,0.7386652333913702,0.1490220388597677,6.25710377185417,2.1015268976590788e-05,yes,yes
f1_Stone,RN50_full,CBAM_roi,15,0.8876872722511382,0.6930836096553917,0.19460366259574652,11.744470584483862,1.2323696277439462e-08,yes,yes
f1_Stone,RN50_full,ViT_full,15,0.8876872722511382,0.8433107994807945,0.04437647277034376,3.2069329485298006,0.006332619291844371,yes,no
f1_Stone,RN50_full,ViT_roi,15,0.8876872722511382,0.67674538700965,0.210941885241488,10.66575977712589,4.1803551696845616e-08,yes,yes
f1_Stone,RN50_roi,CBAM_full,15,0.727891415123629,0.7386652333913702,-0.010773818267741412,-0.3913477071521733,0.7014317846877155,no,no
f1_Stone,RN50_roi,CBAM_roi,15,0.727891415123629,0.6930836096553917,0.03480780546823743,2.1124083095023245,0.05309903546130441,no,no
f1_Stone,RN50_roi,ViT_full,15,0.727891415123629,0.8433107994807945,-0.11541938435716534,-4.2639525519838575,0.0007865761738100416,yes,yes
f1_Stone,RN50_roi,ViT_roi,15,0.727891415123629,0.67674538700965,0.0511460281139789,2.4239154659740265,0.029485398581783995,yes,no
f1_Stone,CBAM_full,CBAM_roi,15,0.7386652333913702,0.6930836096553917,0.04558162373597884,1.703826676602551,0.11049758976277539,no,no
f1_Stone,CBAM_full,ViT_full,15,0.7386652333913702,0.8433107994807945,-0.10464556608942391,-4.007276621899141,0.0012974061943683505,yes,yes
f1_Stone,CBAM_full,ViT_roi,15,0.7386652333913702,0.67674538700965,0.06191984638172031,2.03983655894891,0.060701253998911193,no,no
f1_Stone,CBAM_roi,ViT_full,15,0.6930836096553917,0.8433107994807945,-0.15022718982540273,-6.264628237337618,2.0750791502108212e-05,yes,yes
f1_Stone,CBAM_roi,ViT_roi,15,0.6930836096553917,0.67674538700965,0.016338222645741467,0.782385446470589,0.4470201086590672,no,no
f1_Stone,ViT_full,ViT_roi,15,0.8433107994807945,0.67674538700965,0.16656541247114423,6.167848613475853,2.443649559971615e-05,yes,yes
