condition_A,condition_B,metric,delta,ci_low,ci_high,boot_p,ci_excludes_zero,sig_bonferroni,mcnemar_p,mcnemar_sig_bonferroni,n_units,only_A_correct,only_B_correct
v3c_rn50_baseline_seed42,v3c_roi_baseline_seed42,accuracy,-0.023758099352051865,-0.06047516198704095,0.010799136069114423,0.2,False,False,0.22182319830680236,False,463,28,39
v3c_rn50_baseline_seed42,v3c_roi_baseline_seed42,macro_f1,0.012577404442395634,-0.03259822659743677,0.06148057361642903,0.597,False,False,0.22182319830680236,False,463,28,39
v3c_rn50_baseline_seed42,v3c_roi_baseline_seed42,f1_Normal,0.17597608817485522,0.0789616318381928,0.28486158273151907,0.0,True,True,0.22182319830680236,False,463,28,39
v3c_rn50_baseline_seed42,v3c_roi_baseline_seed42,f1_Cyst,-0.13830908707569045,-0.23529419903609197,-0.044147130444854805,0.005,True,False,0.22182319830680236,False,463,28,39
v3c_rn50_baseline_seed42,v3c_roi_baseline_seed42,f1_Tumor,-0.04788701762970815,-0.07701126996586632,-0.02081764184892316,0.001,True,False,0.22182319830680236,False,463,28,39
v3c_rn50_baseline_seed42,v3c_roi_baseline_seed42,f1_Stone,0.060529634300126034,0.01306885808594612,0.11863082172239722,0.015,True,False,0.22182319830680236,False,463,28,39
v3c_rn50_baseline_seed42,v3c_focal_seed42,accuracy,-0.01943844492440605,-0.049676025917926525,0.010799136069114423,0.216,False,False,0.2432427057426535,False,463,19,28
v3c_rn50_baseline_seed42,v3c_focal_seed42,macro_f1,-0.002509409194211165,-0.040160439907107603,0.03677636669322758,0.899,False,False,0.2432427057426535,False,463,19,28
v3c_rn50_baseline_seed42,v3c_focal_seed42,f1_Normal,0.01579945228565416,-0.05680136319376829,0.08901522097927729,0.672,False,False,0.2432427057426535,False,463,19,28
v3c_rn50_baseline_seed42,v3c_focal_seed42,f1_Cyst,-0.026762246117084776,-0.10701272052451727,0.06089590033640159,0.562,False,False,0.2432427057426535,False,463,19,28
v3c_rn50_baseline_seed42,v3c_focal_seed42,f1_Tumor,-0.02205147906262006,-0.04602536136070041,0.0010637371845491855,0.063,False,False,0.2432427057426535,False,463,19,28
v3c_rn50_baseline_seed42,v3c_focal_seed42,f1_Stone,0.022976636117206684,-0.009689370190937519,0.06333620718215957,0.269,False,False,0.2432427057426535,False,463,19,28
v3c_rn50_baseline_seed42,v3c_dann_seed42,accuracy,0.22246220302375808,0.17278617710583155,0.2721382289416846,0.0,True,True,3.9369363961342377e-16,True,463,130,27
v3c_rn50_baseline_seed42,v3c_dann_seed42,macro_f1,0.1890864813595181,0.13838438681354504,0.23886232108390046,0.0,True,True,3.9369363961342377e-16,True,463,130,27
v3c_rn50_baseline_seed42,v3c_dann_seed42,f1_Normal,0.25144778628806286,0.14501803751803746,0.36355036006708097,0.0,True,True,3.9369363961342377e-16,True,463,130,27
v3c_rn50_baseline_seed42,v3c_dann_seed42,f1_Cyst,0.15664516129032263,0.06019898544493701,0.2466944662480376,0.003,True,False,3.9369363961342377e-16,True,463,130,27
v3c_rn50_baseline_seed42,v3c_dann_seed42,f1_Tumor,0.21504012127004002,0.16362266931193684,0.2679534763243938,0.0,True,True,3.9369363961342377e-16,True,463,130,27
v3c_rn50_baseline_seed42,v3c_dann_seed42,f1_Stone,0.13321285658964754,0.07083979836950355,0.20120406565098142,0.0,True,True,3.9369363961342377e-16,True,463,130,27
v3c_rn50_baseline_seed42,v3c_mh_both_seed42,accuracy,0.030237580993520474,-0.004319654427645814,0.06479481641468687,0.094,False,False,0.11491486452557433,False,463,41,27
v3c_rn50_baseline_seed42,v3c_mh_both_seed42,macro_f1,0.05206756833382997,0.011647915164367296,0.09543978258450705,0.012,True,False,0.11491486452557433,False,463,41,27
v3c_rn50_baseline_seed42,v3c_mh_both_seed42,f1_Normal,0.10376999238385387,0.031768824368235325,0.18242542341774207,0.001,True,False,0.11491486452557433,False,463,41,27
v3c_rn50_baseline_seed42,v3c_mh_both_seed42,f1_Cyst,0.002028809089064776,-0.0869652647492759,0.09109764368031117,0.96,False,False,0.11491486452557433,False,463,41,27
v3c_rn50_baseline_seed42,v3c_mh_both_seed42,f1_Tumor,0.007753803374241364,-0.020526253341873635,0.0350928268324323,0.598,False,False,0.11491486452557433,False,463,41,27
v3c_rn50_baseline_seed42,v3c_mh_both_seed42,f1_Stone,0.09471766848816032,0.04302058111380138,0.15880046933264758,0.0,True,True,0.11491486452557433,False,463,41,27
v3c_roi_baseline_seed42,v3c_focal_seed42,accuracy,0.004319654427645814,-0.028077753779697567,0.036717062634989195,0.801,False,False,0.8936946693232326,False,463,29,27
v3c_roi_baseline_seed42,v3c_focal_seed42,macro_f1,-0.0150868136366068,-0.058069158741925524,0.026736017208677517,0.511,False,False,0.8936946693232326,False,463,29,27
v3c_roi_baseline_seed42,v3c_focal_seed42,f1_Normal,-0.16017663588920106,-0.26356748551263093,-0.07228463378478536,0.0,True,True,0.8936946693232326,False,463,29,27
v3c_roi_baseline_seed42,v3c_focal_seed42,f1_Cyst,0.11154684095860568,0.010878990290755031,0.22011561255221995,0.025,True,False,0.8936946693232326,False,463,29,27
v3c_roi_baseline_seed42,v3c_focal_seed42,f1_Tumor,0.02583553856708809,-7.932693651027386e-05,0.05184156511969583,0.051,False,False,0.8936946693232326,False,463,29,27
v3c_roi_baseline_seed42,v3c_focal_seed42,f1_Stone,-0.03755299818291935,-0.08549683248439828,0.0,0.087,False,False,0.8936946693232326,False,463,29,27
v3c_roi_baseline_seed42,v3c_dann_seed42,accuracy,0.24622030237580994,0.19654427645788342,0.29589632829373647,0.0,True,True,6.923141416918716e-18,True,463,143,29
v3c_roi_baseline_seed42,v3c_dann_seed42,macro_f1,0.17650907691712248,0.11907780748447169,0.23458831351408305,0.0,True,True,6.923141416918716e-18,True,463,143,29
v3c_roi_baseline_seed42,v3c_dann_seed42,f1_Normal,0.07547169811320764,-0.04447058823529407,0.1988189978009811,0.238,False,False,6.923141416918716e-18,True,463,143,29
v3c_roi_baseline_seed42,v3c_dann_seed42,f1_Cyst,0.2949542483660131,0.2028793815301651,0.39379380457983415,0.0,True,True,6.923141416918716e-18,True,463,143,29
v3c_roi_baseline_seed42,v3c_dann_seed42,f1_Tumor,0.26292713889974817,0.21340499925747183,0.31630062989162017,0.0,True,True,6.923141416918716e-18,True,463,143,29
v3c_roi_baseline_seed42,v3c_dann_seed42,f1_Stone,0.07268322228952151,-0.0028077421477963266,0.14898565322866617,0.057,False,False,6.923141416918716e-18,True,463,143,29
v3c_roi_baseline_seed42,v3c_mh_both_seed42,accuracy,0.05399568034557234,0.017278617710583144,0.09287257019438444,0.003,True,False,0.007660761135179461,False,463,53,28
v3c_roi_baseline_seed42,v3c_mh_both_seed42,macro_f1,0.03949016389143434,-0.013190441776998385,0.09168776341404108,0.146,False,False,0.007660761135179461,False,463,53,28
v3c_roi_baseline_seed42,v3c_mh_both_seed42,f1_Normal,-0.07220609579100135,-0.185200364298725,0.03808814155364348,0.201,False,False,0.007660761135179461,False,463,53,28
v3c_roi_baseline_seed42,v3c_mh_both_seed42,f1_Cyst,0.14033789616475523,0.04383780271382771,0.24658002362334316,0.002,True,False,0.007660761135179461,False,463,53,28
v3c_roi_baseline_seed42,v3c_mh_both_seed42,f1_Tumor,0.055640821003949514,0.028517564150395927,0.08416118031721138,0.0,True,True,0.007660761135179461,False,463,53,28
v3c_roi_baseline_seed42,v3c_mh_both_seed42,f1_Stone,0.03418803418803429,-0.038692332837953015,0.1129337675652287,0.347,False,False,0.007660761135179461,False,463,53,28
v3c_focal_seed42,v3c_dann_seed42,accuracy,0.24190064794816413,0.1943844492440604,0.29157667386609065,0.0,True,True,6.97764542491896e-18,True,463,139,27
v3c_focal_seed42,v3c_dann_seed42,macro_f1,0.19159589055372928,0.13771351982977864,0.2448007354188314,0.0,True,True,6.97764542491896e-18,True,463,139,27
v3c_focal_seed42,v3c_dann_seed42,f1_Normal,0.2356483340024087,0.13086919801170055,0.34567619790930687,0.0,True,True,6.97764542491896e-18,True,463,139,27
v3c_focal_seed42,v3c_dann_seed42,f1_Cyst,0.1834074074074074,0.07879339919173779,0.29182460347602257,0.001,True,False,6.97764542491896e-18,True,463,139,27
v3c_focal_seed42,v3c_dann_seed42,f1_Tumor,0.23709160033266008,0.18798622888225475,0.28860279738798744,0.0,True,True,6.97764542491896e-18,True,463,139,27
v3c_focal_seed42,v3c_dann_seed42,f1_Stone,0.11023622047244086,0.04757703081232487,0.17873513052529913,0.002,True,False,6.97764542491896e-18,True,463,139,27
v3c_focal_seed42,v3c_mh_both_seed42,accuracy,0.049676025917926525,0.01943844492440605,0.07996760259179239,0.002,True,False,0.00301230545074549,False,463,39,16
v3c_focal_seed42,v3c_mh_both_seed42,macro_f1,0.05457697752804114,0.012737550385612775,0.09887673411341587,0.011,True,False,0.00301230545074549,False,463,39,16
v3c_focal_seed42,v3c_mh_both_seed42,f1_Normal,0.08797054009819971,0.008967864923747246,0.17410044026738591,0.026,True,False,0.00301230545074549,False,463,39,16
v3c_focal_seed42,v3c_mh_both_seed42,f1_Cyst,0.02879105520614955,-0.0538746499875978,0.1066489147324242,0.484,False,False,0.00301230545074549,False,463,39,16
v3c_focal_seed42,v3c_mh_both_seed42,f1_Tumor,0.029805282436861424,0.006412691473764695,0.05308242788111531,0.011,True,False,0.00301230545074549,False,463,39,16
v3c_focal_seed42,v3c_mh_both_seed42,f1_Stone,0.07174103237095364,0.012241805813234419,0.14195909862300057,0.012,True,False,0.00301230545074549,False,463,39,16
v3c_dann_seed42,v3c_mh_both_seed42,accuracy,-0.1922246220302376,-0.24406047516198703,-0.14254859611231108,0.0,True,True,5.4746340828399455e-12,True,463,37,126
v3c_dann_seed42,v3c_mh_both_seed42,macro_f1,-0.13701891302568814,-0.1934253739817409,-0.07859311569382135,0.0,True,True,5.4746340828399455e-12,True,463,37,126
v3c_dann_seed42,v3c_mh_both_seed42,f1_Normal,-0.147677793904209,-0.2587930161943319,-0.028954606714040716,0.013,True,False,5.4746340828399455e-12,True,463,37,126
v3c_dann_seed42,v3c_mh_both_seed42,f1_Cyst,-0.15461635220125786,-0.2559232762191188,-0.056166479488147174,0.003,True,False,5.4746340828399455e-12,True,463,37,126
v3c_dann_seed42,v3c_mh_both_seed42,f1_Tumor,-0.20728631789579866,-0.2580646289362476,-0.1570538890530898,0.0,True,True,5.4746340828399455e-12,True,463,37,126
v3c_dann_seed42,v3c_mh_both_seed42,f1_Stone,-0.03849518810148722,-0.12244757632289523,0.049756001387515396,0.365,False,False,5.4746340828399455e-12,True,463,37,126
